{
    "Actor": {
        "types": [
            "kid",
            "teen"
        ],
        "templates": {
            "attributes": {
                "body": 0,
                "spirit": 0,
                "heart": 0,
                "mind": 0
            },
            "bodySkills":{
                "sneak": 0,
                "force": 0,
                "move": 0
            },
            "spiritSkills":{
                "chi": 0,
                "control": 0,
                "knowledge": 0
            }, 
            "heartSkills":{
                "contact": 0,
                "charm": 0,
                "lead": 0
            },
            "mindSkills":{
                "investigate": 0,
                "comprehend": 0,
                "empathize": 0
            },
            "conditions": {
                "upset": false,
                "scared": false,
                "exhausted": false,
                "injured": false,
                "broken": false
            }



        },
        "kid" : {
            "templates": ["attributes", "bodySkills", "spiritSkills", "heartSkills", "mindSkills", "conditions"],
            "age": 10,
            "type": "type",
            "drive": "Drive",
            "luck": {
                "value": 0,
                "max": 0
            },
            "anchor": "Anchor",
            "problem": "Problem",
            "pride": "Pride",
            "prideCheck": false,
            "description": "Description",
            "favoriteSong": "Combat Style",
            "iconicItem": {
                "desc": "Item",
                "bonus": 2
            },
            "hideout": "Hideout Notes",
            "notes": {
                "value": "Notes"
            },
            "dicePool": 0, 
            "exp": 0
            

        },
        "teen":{
            "templates": ["attributes", "bodySkills", "spiritSkills", "heartSkills", "mindSkills", "conditions"],
            "age": 14,
            "type": "type",
            "drive": "Drive",
            "anchor": "Anchor",
            "problem": "Problem",
            "shame": "Shame",
            "shameCheck": false,
            "description": "Description",
            "favoriteSong": "Combat Style",
            "iconicItem": {
                "desc": "Item",
                "bonus": 2
            },
            "friction": "Friction",
            "notes": {
                "value": "Notes"
            },
            "dicePool": 0, 
            "exp": 0, 
            "scars": {}

        },
        "creature": {

        }
    },

    "Item": {
        "types": [
            "item",
            "relationship",
            "scar"
        ],

        "relationship":{
            "description" : "kid",
            "notes": ""
        },

        "item": {
            "description" : "item",
            "bonus": 1,
            "notes": ""
        },

        "scar": {
            "description" : "Scar",
            "notes": "",
            "accpted": false
        }

    }


}